classifier,score
Gaussian,0.5079470198675498
Total Gaussian,0.2781456953642384
1NN,0.5960264900662252
3NN,0.46357615894039733
5NN,0.5119205298013245
7NN,0.5119205298013244
Weighed 1NN,0.6019867549668875
Weighed 3NN,0.6
Weighed 5NN,0.5933774834437087
Weighed 7NN,0.5947019867549668
Decision Forest (3),0.5390728476821193
Decision Forest (5),0.5582781456953643
Decision Forest (10),0.571523178807947
